Event Name,Location,Address,Organizer Name,Event Date,Event Time,Event Type
Tech Meetup,New York,123 Main St,John Doe,2025-03-10,18:00,Conference
AI Workshop,Los Angeles,456 Elm St,Jane Smith,2025-03-15,15:00,Studying
Web3 Summit,San Francisco,789 Pine St,Michael Lee,2025-03-20,10:00,Conference
ReactJS Bootcamp,Chicago,321 Oak St,Sarah Khan,2025-03-25,09:30,Studying
Freelancers Networking,Lahore,654 Maple St,Ayesha Ahmed,2025-03-28,17:00,Meeting
Python Hackathon,Karachi,987 Birch St,Hassan Raza,2025-04-02,12:00,Working
Cybersecurity Talk,London,741 Cedar St,Olivia Brown,2025-04-05,14:30,Conference
Startup Pitch Night,Dubai,852 Walnut St,Omar Sheikh,2025-04-10,19:00,Other
Blockchain Conference,Berlin,963 Redwood St,Lars MÃ¼ller,2025-04-15,11:00,Conference
Design Thinking Workshop,Tokyo,159 Spruce St,Haruto Tanaka,2025-04-18,13:00,Dining
Frontend Developement,karachi,kolachi karachi,M'f organizer,2025-02-24,12:58,Workshop

